0.991063195814254,7.847040898449,1
4.83757646006537,6.33311550779027,1
1.54600810974999,6.94594414660062,1
4.91975321653523,5.07434062967238,1
3.95793664455752,6.52741057999185,1
2.93589118120304,5.65179592773521,1
2.7008146363531,4.35465690286989,1
1.9243445253564,3.90267087648172,1
3.73799510208947,5.87955874067359,1
0.24987523246991,7.63038866297534,1
0.0224544781582798,3.51880004958979,1
-0.182310750233033,5.84573922899098,1
6.96643815030379,4.08633573975333,1
5.62319712831581,5.00861751533209,1
7.39628196552937,7.19431959647064,1
4.76335855872222,5.80659538121756,1
5.56256255841275,5.95048793196555,1
6.15742597874633,6.48065701593436,1
5.75600764804878,6.38181686487524,1
6.71490677580658,6.26343801404105,1
4.1293694608094,8.49422267546652,1
5.57179573814127,6.23459992659909,1
1.83198276291307,7.33925456282118,1
4.79107067534631,6.42357511210037,1
2.96259107922943,2.73782828405618,1
4.59312006718931,3.8885534850578,1
1.2826818973308,5.36874684238752,1
4.59601850874296,7.09979717843859,1
3.52802659082774,7.04257271545456,1
1.58604446237645,7.09626481054318,1
5.75561970325964,2.14065719748041,1
-1.8597589773737,7.37518001035532,1
5.73525962953263,6.57113369260059,1
7.05190495033513,6.14101519421012,1
3.88753912266888,6.68533044411287,1
2.01124706920265,6.51796425764758,1
1.55594242017743,4.77826918926726,1
3.64710647964759,6.48156689112471,1
5.55777164204085,6.86784772748537,1
8.04271662617322,6.23976356987614,1
2.42397088775691,2.14253033760435,1
5.14156389411078,4.2267655634977,1
4.21064505707168,6.75219280668773,1
1.88342515233282,6.07867974312988,1
1.86780537122656,4.28351268969011,1
2.93011463824302,6.81470904285805,1
7.92797832969301,5.40890978266091,1
4.27196762997569,5.92454829700734,1
3.13350033428352,6.12038007381003,1
2.67856814324452,4.16732937088833,1
3.51046911524553,5.98788793444515,1
5.5622138980941,6.30322107648073,1
2.86314943880799,7.92684959952706,1
8.31901943001903,5.61629148415401,1
2.74534629374191,6.81866839621658,1
3.21567127492531,6.19948919120809,1
4.97367624341795,6.376792902543,1
2.75048142018155,7.93065154744833,1
3.46607364698895,6.25035146227614,1
7.29082796818146,6.06134902538282,1
6.36635221729903,5.22479581590761,1
10.5013497332368,4.57660396121847,1
5.07626668017638,6.73333503741088,1
3.34874483249294,4.56979451754254,1
1.83818796124623,6.95734185211232,1
3.19132736846862,6.07552126867384,1
6.32571674418731,3.96513924031745,1
4.39295172084182,6.30580176218679,1
2.75658820318799,7.84824870940226,1
1.91458489326145,7.44175239421084,1
3.13201996095896,4.60589115324233,1
4.07213266172043,5.35235329618125,1
4.0156419345684,6.60547141961487,1
4.67980486096676,5.96023164152797,1
3.50429816508386,7.94780974272951,1
6.59474572867309,7.07701685582476,1
6.96610031720513,3.11893971447907,1
3.84487710148584,5.77541167844681,1
2.70502492196415,7.62733607542132,1
-0.0521203152442613,5.63736553772747,1
5.59162926879642,6.21917432119684,1
1.76451548570261,5.75583691691241,1
1.33614064723171,6.27515570119197,1
-1.90926571203114,5.53159920383712,1
3.13722226852171,4.65291882231106,1
5.45714159860032,5.54242899887185,1
3.08480687976266,5.28690270240194,1
4.6515521484919,6.86064263318541,1
2.46583215593111,6.2202093385787,1
3.76662359168006,7.91482439926089,1
4.84967357386454,4.09147465175666,1
5.78084974568617,4.07495208564074,1
8.15849964337889,7.27047001568666,1
2.98930121244594,4.99521211341931,1
1.13380540576552,7.05615017181784,1
2.70435942026069,5.33656644884802,1
7.6499617615011,3.60513187861619,1
6.58420208268339,4.61397389186528,1
-0.237190758247926,6.15945362350741,1
6.09660686730214,7.18525620283268,1
1.1271540411204,2.29451930023149,1
5.45709211618376,7.16056313895276,1
5.06055919572347,5.09279084571894,1
3.48542287516138,5.57827851170816,1
2.31560954540067,6.55748272819565,1
5.53353982180411,4.18046948271155,1
5.38448359752724,6.60671579347749,1
2.95801505512301,3.14038149010539,1
3.17011804032207,5.70977607230511,1
6.160007409264,6.89607643647341,1
1.88243349886507,7.92390027143343,1
6.63099975628082,6.2386894398969,1
7.37155185767433,6.31978402389745,1
3.57849209732458,7.49758867333281,1
1.69632735059225,6.62290107770622,1
1.47627073718187,4.14706551790636,1
6.52881241751004,6.5205679936574,1
6.82116090968767,7.29321121070429,1
1.90635174790505,8.69532974214167,1
6.02774407830632,6.7718511896416,1
5.24594647756318,5.76309105407704,1
2.8784207468459,5.63917853376388,1
4.62835228694274,7.2494304608407,1
0.134415473373257,8.54019567932575,1
4.45528479226882,7.59676295284987,1
-0.177619803025243,6.15859061106766,1
2.19626513704673,6.21506589564309,1
7.95934499207441,6.02736665858942,1
6.09148572872596,8.762272057108,1
1.26288605627896,4.47094977661246,1
1.23580987464571,5.23128155690611,1
3.19517168587435,6.85761024738633,1
9.23658503797679,6.16028393677257,1
6.50193555768234,3.31554015567896,1
3.68460497350134,5.43494601326621,1
3.72701307446714,5.43255607385712,1
-1.33305768931823,5.39608120036872,1
6.09768800904063,5.56544305963849,1
4.76925050001136,6.66100992709368,1
6.4275120516059,8.17670681855326,1
2.12227066562832,7.53115738802586,1
3.52582189276677,4.81759494123664,1
3.82686761409575,5.25142194174172,1
1.01167711452294,6.91262114354649,1
8.58880153251773,7.6826287963561,1
3.32725523943544,8.55234078344761,1
1.55126410055338,7.80213209973403,1
-0.0170158583802147,7.26453937464522,1
6.73615904557529,2.67764817344663,1
6.63644318569795,6.02134690473432,1
-0.27011154944107,7.14230361832953,1
4.37492794319353,8.27701438843901,1
2.47593360437593,1.5565426595035,1
2.8577809056166,7.29737247785543,1
7.75496587150808,6.55779646772426,1
4.60474553104635,5.15403861337871,1
2.56585628296707,2.88713130408937,1
1.81709273711366,5.98554366400553,1
5.76199323308958,4.64744053750326,1
4.25390406469925,8.39519347661231,1
6.62331506215264,4.46567850820643,1
6.95772921809763,5.05310776051902,1
6.55207826627631,5.92973541891725,1
-1.20752325764828,4.64168921091226,1
4.63481006115756,8.13109005258481,1
4.92401150505992,4.64961529181347,1
6.67615214585245,4.36081067644772,1
8.85990166540904,9.14419613165209,1
5.59953699193361,6.61429630877385,1
1.80684473100225,5.4356085123459,1
8.15497154614943,8.79717800995617,1
5.30244103930137,6.40320333554885,1
3.71195122890721,7.26106889191187,1
4.50921538572133,8.78636108836853,1
3.66921125204411,4.86487959767852,1
5.83846086056142,4.15967802443089,1
5.74471468628338,3.52836709810069,1
5.95050769523026,6.7505073200808,1
2.09444773201702,8.96899256025103,1
5.20318559106182,5.09805558006777,1
4.85645487265443,5.03950713580355,1
4.8429349303258,4.64726270381034,1
3.71006579098972,5.91141906450049,1
5.56352963576405,4.85576171590154,1
5.28801186085312,3.58474598362986,1
2.64195448883591,7.07638758244556,1
2.71957602196265,8.10300585150739,1
3.40049976304612,6.28865281943448,1
4.22403706265063,2.01208728483512,1
2.19606811311276,4.88945987666136,1
7.83717341093947,7.56691815982919,1
5.46493532767638,6.61713667104174,1
8.09779342757263,8.11866390311295,1
2.80827085326198,4.99546617720344,1
1.45829973980812,4.31053254239266,1
3.89535009722,5.18003392967598,1
5.39552755852046,6.77697269817784,1
0.147843881859513,5.22289190059566,1
4.71279638891958,6.98860862319176,1
4.2277303419643,5.39066302306393,1
5.14413480139622,6.12244023748443,1
6.03447166091354,5.76547903326065,1
4.27599440592532,9.66627280259267,1
1.54568021845941,7.19089213325655,1
3.67718783419729,5.2405933728868,1
6.96477547817203,5.23142761389818,1
0.713403886530374,5.87418930280274,1
3.54532057075435,3.48588017297562,1
4.64189474498826,8.13812311296969,1
-4.34803468629646,7.21774326367475,1
6.16755978018496,8.00075378383219,1
6.22511979985597,6.61030192361763,1
3.88833109739112,4.30282224520263,1
3.36227179869373,7.27843576487603,1
7.19417903580386,7.52944905433313,1
4.21855663732162,6.11263120088594,1
0.87204082934058,5.10878032505974,1
5.8282855406403,6.93776942604595,1
2.82082224701731,8.37981553584659,1
7.10319003907832,6.04328707699009,1
2.93100721811735,5.61634804552134,1
5.66004710649177,3.36773839732485,1
3.83890724285654,5.87840302374446,1
0.653510289280162,5.9532655826128,1
4.29446660048486,2.85984143983987,1
4.94582419347552,5.03612978724925,1
4.99087108906772,5.93668478778564,1
5.18284460966997,4.95293413972843,1
3.53705874977429,3.38073955406436,1
0.939588935630753,9.86137349571338,1
4.52763100652046,6.56011259839036,1
2.01345831139521,7.81660335847405,1
6.02402013775697,2.77133896703682,1
3.27075856341593,6.4155487589779,1
1.78014510099043,5.4902282661839,1
2.74104053143258,8.29231029762229,1
6.22691931629649,5.63470932665467,1
3.29781636038164,4.49783018796268,1
4.18471801924756,8.1199038846098,1
3.40096700093322,10.2053940543978,1
3.87845605489111,5.99606146174731,1
3.66513073882915,3.26247725873272,1
3.03079995643983,6.12508679032329,1
7.1166798144812,3.91488519176035,1
5.20750705785929,4.03278989528729,1
5.35410189766599,8.77449499896795,1
6.92081909625037,4.47289684131257,1
5.94742876111105,5.22543873431279,1
3.2592561440061,6.1698941436641,1
6.11993213169506,1.43261149456313,1
2.82700559677808,6.4046294985468,1
5.89448829636535,5.39323778810635,1
3.99448289260501,5.64799130822782,1
4.04754561586922,4.51010146510747,1
2.31702945095497,5.57847310982702,1
5.04483921156444,4.19866202714979,1
0.435917166443462,8.66402349342168,1
4.90887779303929,3.98956421138671,1
5.58389295217657,5.71525039814751,1
5.21801665987541,4.08969781749066,1
3.61984116182227,6.8173139325344,1
3.91132097273392,3.6292039097713,1
3.46463155023934,4.45386906360467,1
2.55094480890415,7.71414960301455,1
5.51432980704947,7.51311239654336,1
5.98719659945251,2.81113520400354,1
6.05685043866375,6.48000025897749,1
3.30243554476303,9.77396883206051,1
4.56698574126127,4.31374475678726,1
3.80918455300969,7.77955725552367,1
4.31030782124644,6.80913587801173,1
3.4132809455509,6.56199686870608,1
3.08462905663317,7.3076993719781,1
0.833389219413881,7.67866310483483,1
4.5564875227989,5.68033954008484,1
3.67274907514987,5.8123376989869,1
5.10445103083353,7.54964129609929,1
3.2526693364312,3.5615484474753,1
4.7139815502369,5.15523020270311,1
1.11201336004529,4.54612675400442,1
3.62511042363727,5.3369633823592,1
5.25292096894487,3.86164662072481,1
6.19889782033381,8.00315945090468,1
3.97329598784088,6.25735143998068,1
3.33717864080876,4.67790305452214,1
3.32033702484166,7.57820502691994,1
4.89671913802168,5.96009157845114,1
9.27304485984723,6.39275998299888,1
6.66760697475146,6.04122369243353,1
3.10671306056861,10.0250273024498,1
5.83162482340976,7.18028301003719,1
6.91027244764903,4.97808391893087,1
-0.209711628320925,5.94396340395174,1
6.28366637442924,5.83319764943274,1
3.21851863921913,6.42499493601566,1
7.70146929195542,4.75932760317056,1
3.7594876056682,6.09601964806068,1
5.50617047300698,6.66928347262082,1
3.42322631210738,7.8768663416008,1
6.14424329941533,6.27942724741081,1
-3.08210998827623,2.43318093958626,2
-4.87501491980576,3.44712353106545,2
-4.17310224218208,2.5442953525378,2
-1.79470478846071,6.5897772630609,2
-3.88806148723666,4.73426468312084,2
-0.721603011511734,4.794976403047,2
-2.89146342311017,2.16458336538113,2
-3.00319238238668,3.5014880598776,2
-2.938437223856,3.1820381736676,2
0.974821190819113,3.43873405064029,2
-3.17980498894116,4.22368775143718,2
-4.14793850223293,3.99427972093441,2
-4.07477357709585,0.144108007669873,2
-0.219796224457938,3.08307940312089,2
-6.68533015544538,1.92479320413943,2
-2.58764132235405,3.77241795634632,2
-2.01900718675828,4.57921803256329,2
-0.31811538262132,3.70448503499496,2
-1.96100677122326,4.84988382633867,2
-3.68428027291474,4.05990611356351,2
-3.01211395549858,3.3858876915372,2
-3.05090999077141,4.11589340341749,2
-4.29806042492062,0.155069163649284,2
-1.7002838005037,3.16255439511066,2
-5.19213918890183,1.82552408314829,2
-5.37204414239315,2.96418899304267,2
-3.59328536556693,4.90401060161838,2
-3.30757730197217,4.18962831366617,2
-5.13239863962747,1.54162332214715,2
-2.58459200399143,6.61836032685203,2
-2.71554926043353,3.45882758922929,2
-3.40575080532998,1.66715509218526,2
-0.486590869448804,4.70652063262657,2
-2.25696134063797,1.2229345985348,2
-2.42735614051227,4.8176970763762,2
-3.89515027823281,4.69789711117623,2
-2.91714941970814,5.84003926525382,2
-2.06584921307826,0.0728407791644097,2
-0.779534141572547,2.28012585481731,2
-4.64933435019313,-0.518245851201406,2
-4.79559767071036,2.59587023380543,2
-3.17214522180727,1.88678477890354,2
-2.38716820242703,2.33620950711659,2
-1.64692866812535,4.32920083443713,2
-5.27526708611971,2.60821019869512,2
-2.50471327236434,4.15267945121118,2
-2.35709110098603,3.79358134930238,2
-3.11854370778957,3.08912708441456,2
-3.43501278375512,3.20578129376077,2
-2.18145022182488,3.85219383006603,2
-3.45486165393554,1.21055590005366,2
-2.79071889422915,4.03377142194392,2
-2.34872607966218,1.9737332623948,2
-2.44630030316496,4.30855247883826,2
-4.04510751019172,1.8907341822892,2
-3.11740248837188,2.33175444153845,2
-2.35505366706023,2.6421568624272,2
-5.63576479083135,0.757230682684892,2
-4.65133598114956,4.19924851032556,2
-2.8480101348735,8.14307305329363,2
-2.76796417350254,1.3434703117205,2
-1.06985655977396,-0.0695555974367892,2
-3.68913500806336,1.01034809589179,2
-4.62899832878402,1.7938202245425,2
-1.78119960646063,1.48929711697519,2
-3.81303521669549,-2.1681984267284,2
0.735167492377691,4.17392463980521,2
-3.10132354906479,2.42638546761352,2
-4.24774723536569,0.622712318616915,2
-3.12346018786027,5.97680864582425,2
-4.99492089213401,-0.147501800550125,2
-4.67451624090679,0.358975770841108,2
-4.02380390314209,6.46144362862955,2
-4.36523492002766,5.1745047403333,2
-4.26027589551184,2.26309202935669,2
-2.8584280879747,4.56466689696839,2
-2.89658826592454,1.54511356735346,2
-3.93260814340766,3.48209919107379,2
-1.55708121071354,4.5572952484196,2
-2.03626565692364,5.38325477247146,2
-4.54565075296867,4.91196627705035,2
-3.10788449915375,1.0452236301779,2
-2.41631156876205,4.5789440707457,2
-3.03412459337139,0.632098341512709,2
-2.33831773068777,1.94658697335871,2
-0.355929404019518,3.4134545577232,2
-1.83564089823385,2.07608547642601,2
-1.20395286233612,4.11350004705995,2
-4.13787126700641,1.20138903286487,2
-1.69498841121161,1.08087108219335,2
-2.91952719010774,2.12550154365962,2
-4.22996246575834,8.78998495459293,2
-4.35755266139863,-0.925140199323903,2
-3.35925736461951,2.60263900353925,2
0.411858475164852,4.50312549552574,2
-1.56174723043825,4.32283337521432,2
-3.73223467772314,2.28490117491251,2
-4.93354313303862,3.43695735943449,2
-4.69712081152129,1.64195876196821,2
-2.66370706217977,1.37417781664381,2
-0.750572292534434,5.36021493221353,2
-2.95129699787743,-0.69825514723309,2
-2.51444964830273,-0.0880966925762077,2
-5.10137158033684,2.78057156350644,2
-3.29264034500843,1.79649059726788,2
-2.98018203943175,2.29260092667736,2
-1.83743911602593,6.17236368873088,2
-5.94932061704972,-2.13001390843294,2
-1.15039533836802,2.53334069672358,2
-2.8015579901967,-0.21548149698211,2
-2.70785582799911,4.4200411765849,2
-1.77736461838074,4.49400680861779,2
-2.96299563502818,2.35647105083393,2
-1.91675794061887,7.53557699676227,2
-2.50696937517326,4.32080269926754,2
-3.00719506132967,4.45650323992649,2
-1.16872437065479,2.84341133711391,2
-2.12731941874758,4.43958887491742,2
-3.40759406169258,1.42852334307887,2
-3.97425622179834,2.00093301876436,2
-1.53271000706373,3.69216619614607,2
-3.95894401042675,1.85136101439435,2
-2.75224706263581,3.11220549470618,2
-3.23292627105463,-0.697504575633221,2
-2.37154257420055,3.35287948082375,2
-1.55762731413641,1.90750561797685,2
-1.07405819179107,3.11837773732986,2
-5.1319497857437,4.32404730226039,2
-3.63387229710009,2.54820005571106,2
-3.46341514984541,2.4491020998345,2
-2.84706083508151,3.66474778084642,2
-4.07750519144545,1.66873133081316,2
-2.69578382829185,0.540347961231249,2
-2.05670131424405,-3.10213923234688,2
-4.09007932456885,4.37253967245679,2
-3.18952451166327,2.4301611478926,2
-3.3391308764837,2.25748560368285,2
-0.395542022975067,3.54836344444308,2
-4.4986384416339,-2.09767193422795,2
-2.08634484415436,6.61419960314743,2
-1.77669393501671,4.2987790675007,2
-3.36551523039999,3.10810029243605,2
-2.89141260063097,2.00265541620839,2
-3.71906981685349,5.42540377838144,2
-4.62162323191706,4.18392260397043,2
-2.59592803945752,5.3809508289954,2
-2.57156560120366,8.36161550446089,2
-4.66625560080186,4.92406156134806,2
-2.46355205448151,4.99313485586604,2
-2.97672702907948,2.14844578407042,2
-3.50471305108106,0.409103046094442,2
-2.46169964074755,1.21415420452985,2
-5.16904692511693,4.05520986122952,2
-2.51327298507318,-0.446945872548755,2
-1.47179537082571,0.449212562936187,2
-3.84015961379535,0.286402260632009,2
-3.81728235265965,2.51812583613201,2
-3.63667242789726,2.21396133632827,2
-2.55386925790377,5.20300637700991,2
-3.19154685062917,-0.150275322873581,2
-2.86686701646533,3.46995506263246,2
-3.01315775266042,0.181482818587327,2
-3.48031326418672,0.781101681795212,2
-6.1524597265129,1.29388740607916,2
-3.49968002900227,4.66174437670921,2
-2.49149225621065,1.67640718204116,2
-5.64478405916845,-1.43281467098909,2
-2.84153449727958,3.72302015343004,2
-2.93352589102267,1.10815453887203,2
-3.50235858591141,-0.662265937739926,2
-5.64207468315195,1.72672965227862,2
-1.92414760363253,0.748178908193061,2
-0.276463079124559,2.66166286528393,2
-0.53662122732401,2.01364927830137,2
-4.78715254264391,3.03571147678691,2
-3.40185269530192,1.18470037426841,2
-5.00907692770151,2.06361750422994,2
-3.28574637037106,1.62517698256367,2
-1.31961394779993,3.23706974044791,2
-2.36928844599553,0.499661886560296,2
-1.80948385945799,1.86754706214395,2
-2.06254159260938,5.62549973582182,2
-3.42932358622209,5.49975719478172,2
-3.16659574530861,3.62235315931752,2
-3.61747007844108,2.7115247992314,2
-3.53854134910513,3.87225966847698,2
-4.25686869111463,1.84290433503343,2
-0.87215691679019,4.5217123946655,2
-1.47452913368075,4.25284240596609,2
-3.66989672282532,3.62612460080988,2
-6.286736245099,2.35660649987556,2
-2.86050127199807,4.96650442397982,2
-1.45936466705564,5.22656568712208,2
-4.27229956754609,6.80639618746516,2
-0.86067106485747,4.91492990962528,2
-0.27351987884775,3.74964647341422,2
-2.04489199810228,2.52798009792647,2
-0.903273907967974,4.84007609721631,2
-3.27016263981917,1.41941395488167,2
-2.30766969435847,6.64734944571729,2
-0.72841291168951,6.15812567026243,2
-2.94668202485084,1.61896428791355,2
-5.47745371100804,1.48676781511775,2
-4.01731961786926,3.29349244380336,2
-4.66572335959209,0.47770521447343,2
-3.85787294270954,3.23515342228569,2
-2.91630891289287,5.94161543054834,2
-2.48943968603162,6.45711112671077,2
-1.52536331863752,1.98333912633408,2
-1.6915123047191,6.24789329197799,2
-2.97209100450502,1.19890849220361,2
-3.20475744581367,2.64373191521384,2
-1.52044052691539,5.3770474548378,2
-1.82232831447423,1.74196485345638,2
-3.21974142923717,3.05776585016596,2
-1.79600594154876,3.97426265888605,2
-2.19145468926261,2.51850232239816,2
-3.53291373725278,3.15815393242839,2
0.0299343026275598,3.16507796427521,2
-3.55712371853383,1.27484415298672,2
-3.91361891348069,4.11559272258219,2
-3.16450374315173,2.16830958767664,2
-2.12977605681258,3.65156502790186,2
-3.51252105261116,2.6180991391368,2
-3.90470917131962,1.22492159070135,2
-3.15883296051928,2.55421538444833,2
-2.81999365054979,5.16378376540467,2
-1.65072193730978,6.5188445430867,2
-3.68224283985101,4.69909559993017,2
-3.42830097563701,3.07291434873261,2
-3.92527465904163,3.9224181293975,2
-2.64334968125303,1.33134269851136,2
-2.99078234062512,4.12800465857223,2
-4.27432954989858,5.04020332001877,2
-1.66956855386879,4.96797994060323,2
-5.64400539350932,6.36772497039718,2
-2.99680931506681,7.34282699556282,2
-2.3929412529005,4.88810786300383,2
-0.978310984230851,1.05366473912862,2
-2.2036769056266,-1.75627301871793,2
-1.73123893637824,7.08926824290797,2
-2.88592782458791,5.20338239151867,2
-0.0715901035033251,5.23679968450144,2
-2.55094240764302,5.1012270723012,2
-4.26786494793855,2.83352376519456,2
-1.78652700715008,5.36518893956391,2
-5.58229948426281,3.369853771572,2
-2.27323743621165,4.25777672104801,2
-2.74223239375537,6.23963002543984,2
-4.47624191895037,0.613944889885916,2
-2.69428044446869,3.8332184544461,2
-1.95283760026156,5.61370147680552,2
-4.64049013609826,1.89262559935684,2
-2.59081038816653,4.11496653707587,2
-2.29147029130048,4.00607854500927,2
-3.35538524139418,5.0615660296218,2
-2.43375773371876,3.21409362018212,2
-2.5795733009442,2.41236186887261,2
-4.00916172805757,3.28320027122407,2
-2.18303942015298,4.49443660120074,2
-1.60479541079474,2.7833461496906,2
-4.674563099647,0.957165492024406,2
-4.33552985615203,6.89362593648564,2
-5.72909286411871,2.70201637179616,2
-3.83440188419857,6.02390254545262,2
-5.34638853707268,0.785572766541986,2
-1.44310187044519,2.65557424801681,2
-3.32985383440331,2.64133765502588,2
-3.3169339737625,2.76005101431978,2
-1.43645668264843,2.60486299559178,2
-3.01789416606625,1.30105342004441,2
-4.62312257870092,0.645686000782556,2
-4.71119369095569,2.49213642739879,2
-2.90757528416252,2.3163292465189,2
-2.63838087607977,5.96689545421536,2
-2.9547980197586,2.22884998370466,2
-3.21516476556542,4.974243977896,2
-2.89409623905421,2.07495717541439,2
-5.30827934226607,5.49756660553206,2
-3.01475036871327,3.30805237433825,2
-1.6496269491966,5.83384357247768,2
-4.76143010936608,1.69388082876895,2
-1.90769157035619,1.69533182399792,2
-3.28474995161416,3.0328841338448,2
-2.92299045640159,4.7669838223341,2
-2.78431067590738,1.63238632098309,2
-2.95627767532829,3.09113093950697,2
-2.78380449166935,3.46559976955255,2
-3.01829992924616,2.29289220646351,2
-3.66344918092503,3.44594538244446,2
-2.03734688957769,1.86827434239285,2
-1.43781272363123,3.43087804893417,2
-4.15068174289042,0.254877310436573,2
-5.52348658662912,-0.735580610633914,2
-3.43666517466443,5.28991111788481,2
-2.05463035984681,3.73767473021357,2
-1.52725303825746,4.33883238858736,2
-4.08711778696078,1.58683297573279,2
-3.7528484625477,2.53123652991949,2
-2.458469854258,0.953116271134214,2
-1.71463934758193,0.515335934386371,2
-3.15244310762184,7.27168618580698,2
-2.19978098532688,5.79339200346611,2
-2.96383144228116,2.62271015289654,2
-3.77525919968146,2.67245272998561,2
-2.75490389449295,2.27916413688193,2
-2.567642792402,3.16453538920499,2
0.377614861772533,6.77091124736194,2
-3.43442103226508,1.25168941923447,2
-4.34039074312752,4.95768547169603,2
-5.11208902134403,3.87286287357666,2
-2.42399404455667,1.69544508151786,2
-2.49323504035676,5.05320954043896,2
-4.35275274855399,4.05558687264463,2
-2.94426091130913,3.51017493001424,2
-2.75077981953344,2.3218168275218,2
-5.24282962532258,1.3636484980352,2
-0.00681206102921994,5.94441598688692,2
-2.3644091638895,3.63934454804715,2
-5.55618670747053,3.50541887912679,2
-3.96806062986202,0.402238877473152,2
-3.6200547524106,2.43409649152146,2
-2.39790378460921,3.19018110521858,2
-2.91787380874128,2.35786375993945,2
-4.23802242004667,3.90972851523833,2
-4.57634283134675,0.672597121629517,2
-1.43183728648015,5.81279399663398,2
-4.78550660859039,1.72318705960111,2
-3.3646041545907,0.121785625183737,2
-2.09270972583683,0.268695901717391,2
-1.26995213125998,4.11586639433115,2
-2.51827696571813,2.08586324272867,2
-1.63475282317764,0.655215138286216,2
-1.31541778274553,1.48307538590462,2
-3.02314513864949,3.53845259799088,2
-3.11200248372734,-2.56359846761237,2
-2.48259905267409,5.53070180544417,2
-2.18966739923286,3.97729654737241,2
-5.80234935074859,3.17858377148057,2
-4.16972720697232,0.334821600948477,2
-2.35624879355723,5.37858251030532,2
-3.82823376243257,4.54806070293205,2
-3.11128925320468,3.28929142439782,2
-2.73480283034807,1.66654057911527,2
-4.09644364266433,3.4030974523231,2
-3.46087318088691,1.58151837189174,2
-2.85480974827642,1.21338743003438,2
-2.49793291618183,2.92145319004085,2
-0.725135356239047,2.27581337462716,2
-4.86154755104472,1.21013698242327,2
-1.99270773646086,0.74754000635368,2
-2.38142554845326,1.66209926481787,2
-2.21616460924559,3.63673811001419,2
-4.17664770157321,4.51411536172895,2
-2.56885775912371,4.08206121301436,2
-1.97490506046918,2.60082005974251,2
-1.07056223682697,2.77916790845951,2
-5.17007354160075,5.12265182037778,2
-3.83971434695272,-0.188775144367585,2
-4.49950516194802,1.23348223814167,2
-3.1605244328865,0.566143432771029,2
-6.11714139719521,0.886706836660808,2
-1.3841377452188,7.85762814755758,2
-6.19334982635687,-0.972758849469078,2
-2.67601867815894,5.10746389600342,2
-5.04750292660664,5.37809945036316,2
-3.08713595816302,2.74862807636375,2
-2.8404452433792,3.72469937672923,2
-2.30366808531215,4.73999930511682,2
-4.86493750942056,0.0273403438821989,2
-2.69143333105104,2.29722309898047,2
-3.90505253847111,2.08743953192734,2
-1.22157677229011,1.34788225423344,2
-4.08045784734661,1.83466408444755,2
-4.87817913122572,2.36006106802257,2
-2.93652850159214,3.60069554989497,2
-3.44298257102912,2.43968976637769,2
-0.992802971048131,3.43760453997716,2
-1.87299543351864,1.4696673407602,2
-3.60646521393298,2.42176327288017,2
-4.48498369249983,0.796654681316361,2
-4.10765172426269,1.11320841037347,2
-5.50734827368073,2.53461540518632,2
-2.77971973358448,1.53270757883119,2
-1.96994963143818,3.28319192050611,2
-1.90847248241373,0.939251186192758,2
-1.45410980728913,6.59920883426435,2
-4.51791929769629,0.475472705918283,2
-3.08066264106037,0.751591495767644,2
-1.23413444964959,2.95298025192244,2
-2.39185164504903,3.67671373815386,2
-3.89094774229063,3.76243177968708,2
-2.37620581060795,3.06684314257571,2
-0.841199381534953,3.90676534090263,2
-2.49058955944191,4.5601268515229,2
-3.71817761619423,0.717880622947108,2
-2.86628096158495,2.26649618688194,2
-2.75990401386328,4.56851093006298,2
-2.15677611757636,0.817135090503108,2
-3.85073760239665,3.00815013045999,2
0.123708107973149,-3.38791366512522,3
0.622254287639915,-3.65552721491928,3
3.90440147932466,-6.59127457357588,3
2.31073950176731,1.14367862463505,3
1.06579967841083,-0.073245555037706,3
-1.36377307993751,-1.08484754951673,3
3.20290333625628,-3.78777282832038,3
1.07153589628424,0.0276956052420463,3
1.53884554241684,0.388757854941309,3
3.32352661323316,1.50123236947782,3
4.19945227865233,0.248938380849983,3
1.66759394121108,-2.62876262430483,3
2.38755940127561,-2.49631947867903,3
0.799241045153852,0.313037031919627,3
5.06379278935833,-2.73269505159981,3
-0.591798767227784,0.410317738072638,3
2.55247725490037,-0.521410997026295,3
-1.13041050262904,0.126132396016517,3
1.1302006670684,-3.69341705509214,3
1.30794077378434,-1.67838129491906,3
1.62377543382817,-2.0594024372341,3
-1.76882869518115,-1.05118797392095,3
3.14861208961755,-0.690032862185675,3
5.19870919481492,-0.9565918144291,3
2.55078555559603,-2.27343920803005,3
0.712096724708679,-2.75685235018614,3
1.32870921009706,-1.72941902423986,3
2.47401279806295,-2.25408518528878,3
1.22583910731689,-1.50580310867565,3
1.09552101168015,-2.71887664079828,3
1.5297615512839,-1.68111460206618,3
3.18583609546271,-2.88150666581821,3
-1.29000842723032,-3.10621556971068,3
0.858437892261916,-0.875954342210787,3
3.81191477121589,-1.9901715897979,3
3.46308335448578,-0.632154185504244,3
3.28654089128298,-1.41809320421933,3
2.98366278588489,0.291087431952604,3
3.57654199810917,-1.75190613333443,3
0.588333867393103,-6.73836379699515,3
2.62253490290776,-3.81903297130972,3
2.85340774857572,-0.86798676962429,3
0.0276909807881867,-0.653445671358459,3
-0.351716077871447,-4.5020399691657,3
-0.159954725570048,-4.28459349435674,3
1.13262499877938,-1.1401432981381,3
4.13370665043218,-0.84721021402235,3
2.27100821219033,-1.9813636303127,3
1.08682032495333,-6.75874486030962,3
1.92543765972807,-3.40293638506761,3
-0.421570148076215,-0.124411246285093,3
-0.0484907005089013,-1.51250473677472,3
3.96889898857044,0.435158875871586,3
5.35666402039987,-4.06007735461561,3
1.69814900785095,0.928216340160966,3
2.01546094355546,-4.31310891714893,3
4.39367120742762,-0.977913481698258,3
2.46997312005498,-4.42474423225336,3
4.66269443123154,-5.77376085808212,3
3.62472087731386,-4.69148463707981,3
3.9198671212415,-1.87999436963124,3
0.28964460660951,-2.34331076508427,3
5.39494929560362,-1.38067214676047,3
1.54607560416893,-0.77472877873953,3
-1.60070313215171,-2.48907926725161,3
1.07311246179706,-3.79164857422299,3
-0.53174531283273,0.85111331785845,3
1.25442178779332,-3.32962729253123,3
0.26092849958393,-2.32622542763849,3
2.18226185307739,0.677333220573394,3
-0.733386660583493,2.75383615876876,3
1.73404340598665,-2.63419245879415,3
2.42080241559223,-0.909259692299725,3
4.65415564112324,0.0771580782290129,3
3.0389583177067,4.21983286901337,3
-0.47455666228559,-2.67040351669215,3
-1.38022011222645,0.872053407964703,3
0.984291427820978,-3.35784955602672,3
4.47558975287509,-2.20211174792788,3
5.67248654010369,-3.49974235847172,3
1.99735438112311,-5.12735804227912,3
1.61349130647513,-0.935101039014256,3
2.05015765917566,-2.08882438009024,3
-1.55319007026652,-4.71019224893383,3
1.06119093055474,-1.43968729199803,3
4.5494495401732,-5.36318464937232,3
1.52051507902545,-1.39938408256851,3
1.21643070514619,-3.62808518210461,3
0.635294821364593,-3.94143906108842,3
2.39987281570229,-0.551053415673678,3
1.55127762332524,2.09279346476601,3
-0.0771790735061324,1.54065579416046,3
-0.295701083758747,0.111043627350442,3
0.786367637758108,-1.90077393134249,3
6.41807530081824,1.87944869808884,3
-0.0833382979730661,0.913977981883573,3
3.48921450546615,-4.97013101949461,3
2.92356230667725,-1.77176941451106,3
0.968225936823576,-1.89882015537212,3
-1.10299151594823,-1.58193562000508,3
4.80426816812286,-3.82301623576368,3
2.23020441651934,0.0103616578289873,3
5.11312710393241,0.685096101949264,3
-1.90105596053392,-3.74894452261299,3
1.39760483965424,-5.11076202741168,3
-1.39180230345659,-2.25006752617554,3
2.84758081595204,-6.84168505232933,3
3.17022936386503,0.535117162187706,3
5.62600473116999,1.00086621114709,3
1.70542884543149,0.0803080969100325,3
1.27404886695718,-0.0849110547235299,3
2.25604835110869,-1.45262028254722,3
1.8794315499748,-3.90363713310143,3
-0.0877470621159731,-0.540526942799991,3
3.6765105228469,2.28210701227369,3
-0.134420947786376,-6.66659426891698,3
2.15024996812356,-1.82602081886519,3
2.87524739939081,0.273142372947469,3
0.517376203548388,-2.57527031734168,3
2.26598431911526,-0.0785180276267106,3
-0.393905634709367,0.469756104648817,3
2.17227858236051,-6.07761568826673,3
3.62446298495317,-2.06434972518666,3
5.49874015820186,-0.752720858084051,3
2.82310837891694,-0.7037257069295,3
3.6250019919026,-6.51790079851433,3
1.28325674033944,-4.11552436750322,3
1.32715841446489,0.147039736594341,3
2.50299422463919,-3.92486520562045,3
0.967614948864405,-1.01029034707819,3
3.47781533328049,-1.8953934190744,3
-0.0460497454805946,-5.33290893208254,3
0.961177289764992,-5.19778413348507,3
1.30227390658601,-4.13357746807426,3
-1.47205550984183,-5.40861909865248,3
3.26022916568284,-0.440776752051237,3
2.17666799055392,-3.72675832966234,3
6.7605521062425,-1.47528386634518,3
-0.373819366046001,-0.017808050568225,3
1.01687285187231,-4.58349311927969,3
1.33878245925309,-3.99694638197537,3
2.1052487583773,-1.9918124011066,3
1.14274135240027,-3.44549146215821,3
1.49803523421054,0.466933019318283,3
-0.272370046653232,-1.24715599919582,3
1.67801673487971,0.415252182440905,3
1.88197246154951,-2.67906205848979,3
4.7497475836237,-2.41067331796495,3
-0.97688005353792,-0.917505618086993,3
2.55904858373708,-2.55308265940499,3
0.860915487489668,-0.815643518340953,3
2.89430550129348,3.39672755047585,3
1.54720471427907,0.968204698040545,3
-0.709102315473822,-2.66631779173154,3
-2.06326472198949,1.7291415850055,3
1.41048580197865,-4.09799071191716,3
2.24778324889806,-2.83259992184705,3
4.55631058384885,-1.5986684678619,3
3.03603213231274,-1.47153755692459,3
1.10755281704475,-2.56348288016287,3
1.76119555212152,-1.67613500752606,3
2.49151022894087,-3.30857483405929,3
0.465911780370992,-1.08572719849409,3
-3.23638416684738,-6.54844864106345,3
1.82247918340904,-3.44364296306707,3
0.654196440302494,-3.7486543865266,3
4.06827121494163,-4.39533944605983,3
3.80738851048313,1.81775771486159,3
2.21362742532925,0.498073387230147,3
0.411114241919416,1.37768613043619,3
3.25776189401558,-3.22755410511122,3
4.2259699069625,-4.26876479680732,3
-0.194469383683674,-0.726184056363606,3
1.03082956250714,-1.72962818515659,3
1.97696415382072,-1.44063298238827,3
2.6942613954842,-6.23604508262593,3
5.42413218837033,-1.34934519335619,3
0.665824698195676,-4.39302874471534,3
-0.34119591087518,-2.70720757716329,3
1.66074081835996,-1.44137951608942,3
0.59542798676874,-1.2969956071893,3
4.70721528645317,2.24829644652441,3
3.31070486787229,-2.60053331662283,3
4.70937608794488,-3.17976970229445,3
1.30080976520823,1.15115306452214,3
4.00690343839882,-3.30776301948902,3
1.04248622534357,-3.45599950944462,3
4.08441585237302,0.522931390946412,3
4.22235614863937,-2.04984082882447,3
1.43244892732821,0.840020268562376,3
1.00079939056493,-1.94816547975359,3
2.18916447982694,0.929672275870811,3
2.41750895186875,-5.06405312162619,3
5.10854053829091,-4.76915336300965,3
-0.246569899476884,-0.466541635660632,3
4.07991313067686,-1.80081138276992,3
3.33914175978576,-2.60925346508872,3
0.286418376538679,-4.94345072522834,3
2.88231958832477,-2.24809715509805,3
1.09137314892745,-4.13944176042309,3
-0.0129521208549117,0.16907478370034,3
2.12005664988631,-6.40165205051606,3
-1.01365065358816,-1.24291887011393,3
1.55174066163556,-2.5354689657267,3
5.04034521553146,-0.87909154793297,3
1.37806858103329,-0.793747654029362,3
1.75308857301196,-2.283695025563,3
2.22378305402092,-2.3134424144051,3
3.80226300843985,-0.0821367917912714,3
2.51417368439358,-5.13802425102583,3
1.34021127963969,-2.87772091801363,3
3.75130152063743,-4.58746955857479,3
0.0586520919305378,-0.923562226709842,3
0.0075624649347954,-3.47035763158279,3
3.12484778939306,-0.0850364854615693,3
1.60330829400066,-3.52703967207038,3
1.14420908586236,0.98753991214271,3
3.29982037677081,-1.25569008415107,3
1.44555680780085,0.103915323913481,3
1.30715708655889,-3.4411962496063,3
2.70439070969641,-1.25259958603572,3
1.9736123539283,-3.9679456598712,3
0.682735185826805,-4.76129840511246,3
-0.0325910661643745,-0.103837367554636,3
-0.236775974875264,-0.490986116953105,3
1.89920754108181,1.88927836918015,3
2.54302226521209,-2.93855767311857,3
1.45485699418287,-3.94455767421456,3
3.85588734521637,-2.96003232592667,3
-0.862547505122678,-4.50905149910919,3
5.88239142507256,-1.51518219961913,3
0.413489161036799,0.361725581134261,3
2.10016610483172,-3.23029740921997,3
6.46784798873414,-2.4680743195787,3
0.162758451340365,-4.28361619731108,3
6.58068821624416,0.638150762330423,3
4.78899544997152,-1.38339769446992,3
5.38423115797443,-3.47085251668064,3
1.82144718174369,0.295329060338121,3
3.03983652800673,0.828191611497304,3
0.593364683076586,-3.47420617557965,3
1.70227067745699,-0.817287494265418,3
1.79210512500006,-2.07753918921981,3
6.73331523783649,-5.62865546392929,3
3.91908514695855,-2.94315457309972,3
4.08787987881706,-1.12039299063398,3
2.90648470309876,-6.24276876920093,3
5.70167384201489,3.78473012832512,3
-3.70785368878674,-2.66611675167061,3
0.697955805031294,-1.77067703559709,3
2.19188633521966,1.81048087613005,3
-1.29488045497891,-1.65356053711671,3
-1.36680899289948,-2.99013547559474,3
3.99655761332696,-2.33259771234872,3
2.97245324323802,-0.969009438273851,3
4.27034654720834,-1.76460849993634,3
0.000605592735648974,-2.28390961763759,3
-0.866259524422002,-0.602513632860186,3
0.28803764106625,-2.41799543968713,3
-3.92546990306768,-3.07537302580137,3
2.45374741737939,0.597557143562319,3
1.17410171520362,-4.35849829821948,3
2.50374859872981,3.20572497352734,3
-0.601479206667428,-1.09887424570223,3
2.89555231516304,-1.50794761861717,3
2.40143975365974,-5.39227816941473,3
-0.313684672979118,-4.36410759945079,3
3.48448986268535,-1.65262220959647,3
2.54233483187427,1.42073762940401,3
2.4669890584569,-5.8235198485678,3
0.399015025804716,-2.50392833551909,3
-1.16870391807669,-4.80595036122271,3
2.69256792323061,-2.847616082356,3
2.25082464080031,-2.6688387602052,3
1.98114059956433,-1.30693531330258,3
2.62119528415583,0.255222156463752,3
4.62871767309561,-0.872099549056788,3
-3.29669989815457,-1.24181365566215,3
0.896284955965906,-2.73217424638009,3
3.51761302407349,-2.20607957171718,3
0.200941253067465,-4.32184370102405,3
3.83330202507852,-2.15222168924077,3
4.29118262216908,-0.255940497136702,3
0.372738865527691,-0.734731929661393,3
1.68388320502777,-1.84344278887014,3
-0.352066093590351,0.367311611471846,3
1.57861540275213,2.67490765397507,3
2.5632435301,-5.31573222710733,3
3.01712399326892,0.592131748950415,3
-0.677026308013728,0.557951783507908,3
2.74225623470848,-6.14064942443164,3
0.0143344698189098,-1.36189238894719,3
2.12385940453113,-4.7662796643104,3
1.40083287838352,-1.29017975276606,3
3.57344733814888,-1.72421829476706,3
0.715881949580293,-0.353108563823808,3
0.604902428965764,-3.90305138185847,3
3.92083587866972,-2.30901300921158,3
2.93560436355959,-1.18995177302994,3
0.347300232975125,-0.388188452400807,3
-1.66886440170938,-2.99198352844365,3
0.976706002786795,0.688530642215459,3
0.803984621435743,-5.85593216598729,3
0.52648447915625,-1.59651725362191,3
0.939502541637265,2.41951086767494,3
5.13192171162883,-3.09828010003004,3
4.05942842122607,-2.71754849440392,3
3.50131963263367,-1.83859014739862,3
0.681747748879169,-3.0195215699456,3
1.69375424150905,-3.32916460768775,3
0.500803587229922,1.11678535458381,3
2.58076824514533,-0.32237778456804,3
0.510256206657103,-7.5274240886235,3
-1.19339113955884,-1.14190570358794,3
-0.0352357494041979,-2.33713229185103,3
-0.504381707515452,-1.18459953668987,3
3.73908414448465,-4.81090875991033,3
-2.6801532331741,-2.13295479695541,3
2.29804688898616,-2.84090533835244,3
4.26506468620595,-5.09198530080587,3
1.32205037711117,-2.85736324513746,3
0.0906955286420392,1.35665122217205,3
1.31246580667206,-2.92411280060571,3
4.08574929922616,-1.95508080876193,3
3.30221303220239,-1.93680446650198,3
3.80565754319347,-1.63086209096986,3
-0.708578830664425,-2.443528173898,3
2.05850718468327,-4.86322351403931,3
1.82520055900868,-0.915865255726544,3
4.43941229096919,-1.01456992245881,3
2.4855081114438,-0.91413884854932,3
4.52195093003311,-3.13788106445517,3
4.09142882484504,-0.192673334058461,3
0.484743227396852,-0.85970753065881,3
1.10296718963265,-0.920365422166515,3
3.4855837944591,-0.169456600496806,3
3.91005278162402,-1.23615015505784,3
7.24611454361406,-5.32805791410975,3
3.48053354501498,-1.08624380793812,3
2.83547113383983,3.3818907576624,3
0.98232598694619,-1.26164788707088,3
-2.05730510651517,-0.524324420363474,3
1.39347635891178,-3.31815212504033,3
2.44605413616917,-3.37402113381669,3
3.33316922879005,-2.00824301770956,3
-0.226794025679354,-3.68607717796467,3
2.44846703858663,-2.33629026843112,3
2.96989396135009,-1.55202312252225,3
1.5503184123167,2.89902423935859,3
2.15665782186713,0.803013586752532,3
0.254643782553675,-2.58722208984429,3
4.76052697240243,2.2144567376807,3
3.27247843542015,-0.325019202742048,3
1.0910167639173,-1.99586201620116,3
1.73999123307617,-0.65132758905753,3
-1.46379655583395,-5.87256650015089,3
2.67641458012207,0.0505136035108706,3
0.0591114813406222,-2.67567696954229,3
4.09500593496978,0.284234699755348,3
2.47479178991885,3.10268890580747,3
-0.24159035597524,-0.39968889845365,3
0.360099311140677,-8.2897403600736,3
0.553599389872464,-1.66878135530339,3
4.00653603960139,3.47677888892573,3
0.923175319360031,-3.01871392268704,3
-1.6581943713742,-4.34512594574168,3
-0.136444329858903,-4.61531899459976,3
1.55650491727852,-2.34085668623431,3
-0.184316409693245,-4.48930584356301,3
1.88725380620855,-2.5217012784607,3
2.0211358580513,-2.78610111622965,3
5.87504943380984,-2.66248551889091,3
1.36005279821984,-0.300840686487978,3
2.72632967496865,2.4416342994692,3
5.00960173570105,-3.86189282579128,3
-1.70096316624572,-4.22826833743889,3
0.75423184204343,1.74075882572425,3
3.21031044142314,0.191629421590718,3
2.76554773923674,-4.09148618260332,3
0.757081063115052,-3.63093895229875,3
2.87966721468422,-7.7536793615844,3
1.96134301180887,-4.6948133246329,3
3.68291605393198,-4.99166726549596,3
3.24790038422591,0.458967504078433,3
3.793005835224,-0.979362498073913,3
0.358024783856516,-6.41642721277963,3
1.28042591296138,-3.21305990241535,3
1.18910740787772,-2.78803201183568,3
2.66639928098566,-1.99704680826149,3
1.37205048174922,-4.62430324379149,3
-0.333354932582257,-1.58377807002038,3
5.74807275052371,-3.85126359069745,3
4.03069591599245,-5.19632625412061,3
-0.55306973414819,-4.80281352535837,3
4.22141011897907,-2.58100199031887,3
3.02703925241366,-4.45952297927669,3
2.33228495552652,-2.78662533135351,3
2.57300133093907,-1.16075663190184,3
2.60093117860724,0.286952855838834,3
6.68262453394131,-2.13760884844755,3
3.62537276421176,-1.80128735962858,3
3.09697529084385,-3.88148508224855,3
4.3422384822536,-1.81327708610154,3
4.08146322007964,-3.97700204941796,3
2.9290113774705,1.43303188408244,3
3.39773682828241,-4.21555749715515,3
5.2338340274671,-1.96801776038042,3
4.17321275646919,-1.66532241567687,3
3.38381020711875,-0.783452783476462,3
1.53938492170343,-2.36453536124832,3
1.84900337212141,-1.41570408733435,3
0.733099520719846,-1.66540367684483,3
2.31476133808883,2.54093417481817,3
-0.174160945603887,-1.00995544876268,3
7.05497264592583,-1.82259406510704,3
0.23254358284536,-2.86003453773284,3
0.148159146528421,2.68003324811839,3
2.07880698869625,0.355930353251342,3
1.45398723484025,-1.66084612056373,3
3.82581747813196,2.02075888386825,3
3.47581008255688,0.209496496928213,3
4.06183089902753,-5.50820274482687,3
3.77207367880359,-1.79293491428243,3
3.84839839852841,-2.81303337111429,3
-1.63547359681105,-0.746352580301197,3
2.8688445860412,3.92437099858043,3
-0.218913450605703,-2.62031211627041,3
2.5458148750805,-4.0754114635172,3
0.821184538443354,1.55486541890992,3
5.52854820417935,-4.04794184782295,3
-1.46064383269517,-2.07635083112846,3
1.38519731788391,-0.264376495166656,3
3.40526875750825,-4.45597069335804,3
1.84444755517071,0.881085818241758,3
-0.381279005322028,-0.682650853881914,3
1.321442342617,-1.50313237785672,3
4.26989060258003,-1.65950766885672,3
-1.69333074164143,-4.05412581907549,3
3.09718189497554,-5.35617568716862,3
3.35780543398754,0.114981146373582,3
-0.619292008829962,-4.00744061830036,3
4.6605529904943,-0.260044007835655,3
-0.855402171040094,0.285823896922671,3
0.889294740063993,-3.41733004809071,3
4.94832770276252,-1.28926121800239,3
3.40065142825151,0.250663610072295,3
2.73536924612514,-1.4275934334229,3
2.49369232327924,-4.08980402501882,3
2.55577825879698,-1.94999588076663,3
-0.463248571460087,-6.23809744904886,3
6.42171457197361,-2.82233671434577,3
3.7383539071885,-0.72492072303563,3
2.8000615605929,-6.35166142943419,3
1.13505726358303,-2.49895779258858,3
3.77337441748973,-3.58323324091066,3
-0.80282759545609,0.183589058604041,3
2.54366940589746,-4.71152063515516,3
3.46426793197438,-2.3113000594086,3
-0.356202085169863,-2.44448687414097,3
2.2535370218626,-1.9237556131471,3
1.3631805861373,-2.40098547496545,3
1.79107017724108,0.757037821694301,3
3.57469836245049,-0.259548918299015,3
1.13198860756058,-5.79249963470041,3
-0.719383588079392,-0.279009408591479,3
4.13340011154811,-3.96036263772781,3
3.77481934224501,0.675890386944286,3
2.98817187161621,1.62067116210822,3
0.823476086233656,2.62630400212599,3
0.00896026257176574,-2.49090421238706,3
1.1255391531993,-4.75875307362601,3
2.46142750537505,-2.24806923394025,3
0.869923946911392,-1.08525644414665,3
3.8369910921467,-5.24749491888686,3
2.34554702390166,-1.10137608531919,3
1.62191173000863,-3.89881264887243,3
1.79292290857047,-2.60074111317435,3
3.90653995236274,-0.382874846582884,3
0.578740180323698,2.51202847753272,3
2.17408764487111,-2.37124478199155,3
1.44003219767604,-4.05489062363204,3
1.50220728859837,-0.946255300884908,3
-3.33166549806526,-6.05464091487181,3
1.69052101501014,-2.47187192865744,3
3.75937757384061,-3.13898656329731,3
3.88561450089284,2.43937020773633,3
4.9019029601154,-0.671633730019991,3
-0.832891934407728,-1.14684823983438,3
5.25380715531858,-5.03509412288046,3
2.66677978285851,-0.270991282186374,3
1.6927689038762,-4.39526960524889,3
0.457961129488469,-3.80337966511263,3
-0.239436528607164,-0.327463219167054,3
4.34551598529193,-1.28139987559945,3
1.27760498428042,-2.92967284266148,3
2.29233821204441,-1.86327443945958,3
0.911772803589477,-3.26211225163535,3
2.1877572507227,-1.52350959689575,3
3.8642783371093,-1.9290364938771,3
3.20816991847483,-1.7828856551198,3
2.76006204935742,-0.101107029858368,3
4.69816415641543,2.72951409427078,3
2.97301789372778,-4.19321253717786,3
5.17454404879317,-4.96453155504089,3
0.987629693507295,-2.64197424608722,3
4.19885593008373,0.251970897825494,3
-0.786415809025742,-1.41714593283896,3
4.52349627099151,-1.01702589404177,3
0.234384273010322,-1.14651537337032,3
4.53517086377595,0.91940793250506,3
1.2238965644012,0.864583639591067,3
0.0973470447798856,-1.9871895464094,3
-1.23429455590102,-2.18928363132012,3
5.38979500241449,-0.329336669093804,3
0.559991653312881,-1.19681713737561,3
4.65081825364274,-6.56592879172104,3
1.67381327928988,1.06414672928218,3
-0.416923227203227,-1.1779948948893,3
1.8598246849398,2.0169108752366,3
3.39562201652935,-2.13721670853681,3
2.24500150878663,-3.09404070877268,3
3.19454337864159,-4.50015537474687,3
2.81353417075995,1.35333166758124,3
4.65213946095244,-1.68602726072028,3
3.85175911056724,-6.25256162357355,3
3.37142719610227,-4.68705490532206,3
4.8494244594741,-0.596644664565019,3
0.217944193995953,-3.4933062353411,3
3.06613722384219,0.98884074819616,3
1.39810888669799,-4.69061347995653,3
2.70370251155423,-4.66424871541225,3
0.636797500294775,3.69123790611303,3
1.73441111634821,-7.77856682211378,3
2.01022496146303,-1.59726706995261,3
3.81493018676214,-0.72869944650657,3
2.20720767062699,-0.836823636981304,3
-0.105535345302029,-4.9502511713947,3
-2.43767330935701,2.92685725015,3
2.03002148219799,-6.41345479165867,3
0.956648959666406,1.16510411249438,3
2.62941662082527,-3.99811214227746,3
0.833291084390403,-1.40196135940148,3
0.00546631415365395,-6.49763544542349,3
2.23928587565768,-3.83808689840141,3
-0.126233021524373,1.54219434836629,3
0.137165719635111,-1.33951492829783,3
6.03041327362442,-2.87657336348216,3
1.00466547968675,-6.40268287359263,3
2.43480363844175,2.07709149117467,3
2.67802192803191,-2.9744401190231,3
1.50955356512767,-9.02782252705208,4
-0.92125409409098,-6.29670189988116,4
-1.72662401367178,-6.06022780351077,4
0.614910989501044,-8.50511786115102,4
1.41981453742335,-5.78075209099788,4
-1.91647212975918,-7.41548545120064,4
-4.79338479222006,-6.87018032455538,4
-1.3158433470806,-7.66029541181532,4
-2.01359580192189,-7.15896843320244,4
0.159955221822565,-7.30759171911857,4
1.14211444889003,-7.0189631509806,4
2.46297024127483,-8.80370134234905,4
0.249719902309895,-6.24566603641949,4
0.76615782250598,-7.2462930816058,4
-0.938796297453963,-7.61493409144676,4
-2.04700819389961,-5.38825548282328,4
-3.18510426846927,-6.92446940624353,4
-0.463215275392252,-7.47115278681608,4
-0.265852767917372,-7.01745123744882,4
-1.53297132949387,-6.762358059116,4
-0.727131567944999,-7.39588616770625,4
0.343238628098214,-6.10170834013333,4
-2.32811665390004,-6.04008150511197,4
-3.30636177171082,-7.30274299921469,4
0.929721198896417,-5.86303142186294,4
2.78524044431216,-6.06805971764903,4
-0.18373770323076,-6.62612810062016,4
-3.60646760339439,-7.65246708616142,4
0.14259915813796,-9.6457414895928,4
-0.398920589481781,-8.05280706457823,4
-1.49581113185091,-4.43429250498972,4
2.22803855881918,-10.5055398692958,4
1.23300260573643,-7.30438865153265,4
-1.11190756421396,-8.75905896556202,4
0.0832940551163195,-5.80546976481071,4
-2.57551754750255,-4.06067937776817,4
-1.95571712651727,-3.97677151831729,4
-0.306981368817028,-6.50114326343972,4
0.149760528303991,-8.59437749417972,4
-0.787773467078753,-6.86259734252812,4
0.223779641882411,-6.32982692998288,4
-2.55834868541343,-8.05100562061027,4
2.86713232753062,-7.69352829098101,4
0.33151443899523,-6.12503848819978,4
-0.309331161290812,-5.36906168153524,4
1.11264114818231,-9.77260122702067,4
-1.68186906321274,-5.50288917015136,4
-4.651460191239,-4.6805246233691,4
-1.35516371108023,-6.37296018962335,4
-1.40967337065934,-6.464854892578,4
2.38802100388804,-10.5188611447301,4
-2.09673472875406,-5.79678737142733,4
-1.19425639784807,-7.28459286697769,4
-0.65188736181774,-5.99831910379237,4
-2.0070838232968,-6.29661266940409,4
1.6021242077933,-8.3913325387901,4
1.34018356570158,-7.61181242895167,4
2.03646476358835,-9.91828086933388,4
1.75548321231069,-6.97254972327241,4
0.0142079138678688,-6.77487873055251,4
-0.0404743255037943,-7.21707807394652,4
-0.507103941062922,-5.70535079537492,4
-0.909364762856009,-4.9435591382325,4
-1.12307332472742,-6.36212134097162,4
-3.04275723925619,-7.72986359872316,4
-1.93090999604085,-6.72628301751078,4
-0.922141218379071,-8.07617741611784,4
1.12585289805218,-7.68156502580636,4
-1.81920989573156,-6.20639166107112,4
-2.84555361388464,-4.6587925559593,4
-0.612905118455878,-8.45634208760912,4
-1.26221307614413,-6.12089981898208,4
-0.970744518185398,-7.69680378143169,4
1.15596207476944,-7.04936424571991,4
1.75703729412098,-8.16356548701684,4
-2.06737003096924,-7.42914744061852,4
-2.45773872184826,-5.27631159395259,4
0.64711780680787,-6.503793826183,4
1.64063338124663,-8.74092260390578,4
-0.808564571598321,-9.6828229838469,4
0.368049717761068,-5.54358242017746,4
-1.57004273036105,-6.5665265168293,4
-2.44205758759493,-6.4682097261324,4
0.0409739843680013,-8.46210705284378,4
-1.63859401061032,-7.48031738794373,4
0.58006173738205,-5.4342988347989,4
-1.95938029641018,-7.39709965573087,4
-1.27775469469884,-5.58774593535138,4
-3.41340328697701,-4.02560393153538,4
0.852490551324905,-8.90354900628032,4
-2.02956221590541,-9.17858921881645,4
-2.27068669969268,-4.91027705955487,4
2.25312730135043,-5.99904538820188,4
-1.33931636464679,-6.62741545630027,4
0.413686345607179,-7.70690532850078,4
-1.80020074533133,-6.7898889473559,4
-2.38747738960394,-6.23425151644197,4
-2.92218958685493,-5.55683421264697,4
1.99254781873214,-8.57964554181734,4
-3.14020155565992,-5.68013143273073,4
-2.23368983113242,-6.41824413721644,4
-3.51900674939392,-6.41524967237408,4
3.02007067222593,-8.27548699440541,4
-4.1252628881589,-4.37505490158482,4
-1.84765785394239,-7.13892496582156,4
-1.0250920185507,-7.61806773900363,4
-1.80469066139187,-7.84989104055336,4
-1.04004211022135,-7.11519475023149,4
-0.341158742532296,-10.9056829854967,4
-1.91309529222079,-7.67564472867985,4
-2.60310960846247,-7.0003598729959,4
0.40351005265387,-9.61400840553065,4
2.33756038950038,-8.12508706364153,4
-0.9975281118915,-8.99686348396494,4
-0.816369368569241,-7.2419180551794,4
-0.30892402334948,-6.32957911290573,4
-1.68554052244992,-6.75092712744595,4
0.151062174484775,-6.52096884690407,4
0.333724640285447,-7.93554730258997,4
0.569915047728549,-8.58326578461638,4
1.5004224668309,-8.41884175977105,4
1.61492872697689,-8.32240136070775,4
1.19167813014338,-8.54188321619507,4
-2.39906445943196,-4.4976704746081,4
-2.45409134233341,-5.7716434809814,4
-2.72832026731056,-7.43169768386252,4
0.594906397010529,-8.64185027200414,4
-0.701264689774588,-7.37129788819074,4
-1.79011778072584,-6.09340983820069,4
-2.43206678311372,-6.94568537793333,4
-0.234662868417853,-6.70126766877501,4
-2.32617706216323,-7.02170680509169,4
0.153222924472212,-6.95338573481057,4
-0.776933645065309,-8.43927698131387,4
-2.27962474556844,-7.01394717481053,4
-1.14533072998279,-6.17138225537178,4
-0.278420502180478,-5.21682678376645,4
-1.20234489300149,-7.36840218155402,4
-1.35129259822299,-7.11279625649369,4
-0.665838976267331,-5.81065504819974,4
-1.41815392692768,-6.38376345149383,4
-3.04873176556735,-6.16048033300698,4
1.41052805640282,-9.95843987003398,4
2.76997082418008,-9.20019190832593,4
-1.3753545234308,-5.35078354318301,4
1.63886457190267,-8.0701675262489,4
-3.25803683844715,-4.08972432549683,4
-1.24267930141897,-6.35672925771313,4
-2.97218580793234,-4.31342574634873,4
0.697744501174856,-2.25920415683808,4
-1.85813075157351,-7.70051773697106,4
-1.3980570170228,-6.52058767297347,4
-1.94638733993655,-5.1188599172847,4
-4.33340702376331,-7.67912114892717,4
-2.88207491401439,-3.67486431467837,4
-1.6788420845373,-8.12843024531278,4
0.929992667034476,-8.23258263737353,4
-0.812526872081963,-7.22259797386096,4
0.0369297379861122,-6.45042828294904,4
-3.44909103059715,-7.80090610229533,4
-0.658760789919762,-7.58821171566605,4
-0.568062169983031,-7.33793113695368,4
-2.2180433332729,-5.79915608074733,4
-0.148062931548844,-8.05353397549075,4
-1.47742140072454,-5.11958539286545,4
-1.85142942696596,-7.55242964200342,4
-2.40943552852735,-6.00800239336192,4
1.10489828070897,-8.43257613216168,4
-1.59930113113558,-8.70064067345848,4
0.934250641322277,-5.11313966571663,4
-0.839572177078934,-7.8189869065724,4
-0.847089544798857,-8.95721501387179,4
0.611828000958631,-8.2691308924748,4
-3.96983311069558,-9.64360875315088,4
-2.47252389035303,-6.43373689059663,4
-1.71478648886584,-7.75027378050277,4
-2.32184535987722,-4.27390800019087,4
0.759330987972284,-8.73424775734751,4
1.63572109458644,-8.86458087789077,4
-2.948360220296,-7.80190091669702,4
-1.47973829453888,-6.04435707084926,4
-0.851986492238033,-7.52373644662358,4
-2.45668476804741,-6.50566567485294,4
2.41081197764947,-8.1152042553487,4
-3.67594878460137,-7.07578477348533,4
-4.16707993313121,-5.48027561745158,4
-3.3005976993586,-6.11207552445303,4
-0.0413924938632582,-5.72993123795949,4
-0.503380641860868,-6.56072196042189,4
1.65653468060865,-9.63431687425046,4
-1.11008414021436,-5.70806876774104,4
0.469548042568433,-8.85334942114022,4
-0.932917135836192,-8.30462659913075,4
0.115449002022945,-6.14252884431362,4
-4.78541064786728,-8.12742491217304,4
-2.3538107808978,-3.41079978618369,4
-1.10733619213252,-6.037376307996,4
-1.16312404662663,-5.71361763650602,4
-2.48752447772025,-6.35800827462439,4
-3.8579251267026,-4.49676367571717,4
0.748819139770523,-6.69188425156798,4
-1.93756104861011,-3.9377873878713,4
-0.0600579244276923,-6.35947662856397,4
-4.54881613088395,-5.3543176500773,4
-4.15640664042377,-7.04266569572066,4
-1.3778076298306,-7.12571132372962,4
-2.68218029473109,-5.40887616528998,4
-3.34431712315175,-5.83061756203058,4
1.35581814227867,-7.40476022320767,4
-1.75233603672112,-5.0193466664271,4
1.79942092707276,-7.27196816010076,4
-3.18072734018371,-5.18665841634702,4
-2.8287103858942,-3.07037867128607,4
-1.44777462714151,-6.73960457326664,4
-3.20777110179095,-6.26875137353728,4
-3.9556893400092,-7.94465939271575,4
-1.91151053985828,-4.55418667843267,4
0.503226361800367,-5.90131137286211,4
-0.597535479116291,-6.95465660425384,4
0.241352779972221,-8.12854909529225,4
-2.87350348781516,-6.14067896101359,4
-2.85907063547671,-6.24068565763944,4
-5.30667380460045,-7.17164105987898,4
0.257508162830434,-7.92971255236957,4
-0.880815181126023,-8.46344807029836,4
-1.43021844819187,-6.46663247995657,4
-2.42203587108727,-5.08336637490733,4
0.868152054160308,-7.61792200865876,4
0.66527993317303,-6.76076353949967,4
-0.689481959585398,-8.61166122366641,4
-1.35703605913265,-7.17884975991676,4
-3.93977112597166,-5.75419613586591,4
2.15362303378203,-8.09437437818005,4
0.184800301113413,-8.75373842623378,4
-2.21539421624337,-6.25471581330637,4
0.732016877109135,-7.23228457220428,4
-3.28629194793983,-2.7932710533387,4
-0.0212651369374487,-6.56210771890023,4
-0.679681348936804,-9.58607183588042,4
1.11805748749656,-6.2242779156812,4
-0.596860622318506,-6.68492937825577,4
-1.77120407900687,-3.13275468090649,4
0.215354887065664,-8.14018490974519,4
-1.37097180250727,-7.01944537025685,4
1.22709029104348,-5.03837516320143,4
3.68866409562775,-10.2002032094443,4
0.0958421741511268,-7.41460129576091,4
-0.552994140957079,-8.73077726774259,4
-1.72650806515325,-6.49112923351048,4
-3.04800816596313,-3.70833628148607,4
-1.28170664875002,-6.0311365141939,4
-0.012367679499418,-4.84093697684854,4
0.0134227779156542,-6.69267203355739,4
-1.83405874257828,-8.11385269199633,4
-3.37515606551873,-6.53254916219331,4
-1.15105215081521,-5.53000040129159,4
-2.41881253248069,-6.2667020161894,4
3.16798599880283,-6.11528436642579,4
-3.28583955096741,-6.53638426612457,4
-3.7708212874222,-6.37135390481377,4
-5.48089337509044,-4.71094795272527,4
1.19051096400969,-8.01767347249683,4
-3.27711232855358,-6.38154162094742,4
-1.60942675669844,-7.71401775322776,4
-1.58274464786914,-7.90572035716154,4
-0.444611607120591,-6.29084860475841,4
0.315364390590284,-8.50145081201935,4
-0.400054078200748,-7.52998125279778,4
-0.863622442855496,-5.51871588241765,4
1.14428080946155,-7.13651561606166,4
0.430686126009716,-7.26884934005475,4
-1.22570203491294,-5.5843088550861,4
2.64593289949973,-9.1580577011186,4
-2.72260645838911,-5.77683855838711,4
1.18830853336076,-6.40268854748048,4
-3.50483196965901,-6.87470644059358,4
1.61027904647338,-8.84396045842691,4
-0.0715714244887266,-7.63663975613383,4
-1.93609739157106,-6.77101181376324,4
-0.203613606244963,-6.3178918651437,4
-0.129122074224468,-6.20159662817231,4
-3.82989517650875,-7.27866781670272,4
0.136332644896355,-6.26036049876053,4
-1.69158908980302,-6.50374613668154,4
0.0791207993671967,-7.0011753107986,4
-3.78185530761286,-4.29998225988074,4
-1.46978932991068,-7.3196990046524,4
-4.64685813813207,-7.11364036098107,4
0.103122251067138,-7.7616380631441,4
-2.43067741973142,-6.53400799971363,4
-3.33058526111636,-4.41621417727274,4
-1.47953549520855,-6.76242731005099,4
-1.63369008649846,-6.8703264872642,4
0.547982369124986,-8.20521386772868,4
-1.05968608971827,-8.19858531505626,4
-2.30608950809147,-4.10535632874758,4
-0.886105429068344,-5.99589507282424,4
0.95063403714761,-7.77859281486584,4
2.7356273607154,-9.49341744119625,4
-4.0199043010079,-6.06941946362075,4
-1.09625592016015,-5.92641740487196,4
-0.214897746901624,-7.34140204808266,4
-2.83497457198727,-7.52197359376378,4
-1.03382406934614,-8.65302149361469,4
-2.56836173890026,-6.04955886883053,4
-0.595620625843323,-7.40376552949602,4
0.913314679977389,-8.73253270574868,4
1.02161472136299,-10.4841703686271,4
-1.30442346500432,-6.65798362515585,4
-0.407902851648392,-4.65472013928045,4
-1.32594081298433,-8.26948529648221,4
-0.863463250622564,-6.39177684596009,4
-0.739777282496447,-5.06653901757318,4
1.2084714510923,-7.8222438793152,4
-3.11928874968336,-7.18499403153433,4
-0.367004460380978,-7.34996939349137,4
-0.242970977019277,-8.31477070147143,4
-0.910338171381438,-7.22973170724147,4
-2.16624753398399,-6.67960421964556,4
-2.73882945163746,-6.73845582940942,4
-0.92751243405473,-9.757260233518,4
-1.76069301735993,-7.75663284469453,4
-1.16632788199587,-5.59485922009086,4
0.505222373852519,-9.13419020087514,4
-1.82350943851539,-6.36593117113947,4
-0.361758015485403,-6.38390901120411,4
-1.35440659468966,-7.81419255577732,4
-1.70175685537303,-6.86290453781173,4
-0.493013792559839,-4.6877271911473,4
-0.815197361946846,-5.79015547588301,4
-1.58361405637947,-6.55317868915031,4
-0.530898051476284,-6.33568229979085,4
0.169371440352396,-6.52465853269748,4
-1.10961828194086,-7.39854864284814,4
2.24402786069205,-9.48307702477408,4
-1.76382468122581,-7.11713813793984,4
-5.74724257775315,-5.8166308499463,4
-0.658381183233515,-8.92941969981627,4
1.45270751122395,-8.5587877235808,4
-1.78217065447684,-6.1097150661657,4
-1.90420150338376,-6.38141579067006,4
-0.484440026134559,-7.47971589345527,4
-4.61646930040821,-8.88855588142104,4
2.48125994381099,-7.45122458634867,4
-0.332842617658616,-4.96793792075851,4
-1.23022320890533,-7.96027025946291,4
-0.963248936076565,-7.98957654315844,4
-1.52808023754313,-6.09440231784887,4
-3.51702366394001,-8.9284050933467,4
-0.133176089360853,-6.17541319143595,4
